=== Abbas Kiarostami to Ichigo Kurosaki ===
[[Abbas Kiarostami]]{{·}} [[Air (visual novel)]]{{·}} [[Akira (film)]]{{·}} [[Akira (manga)]]{{·}} [[Akira Kurosawa]]{{·}} [[Animax]]{{·}} [[Astro Boy]]{{·}} [[Ayumi Hamasaki]]{{·}} [[Azumanga Daioh]]{{·}} [[Battle Royale (film)]]{{·}} [[Bleach (manga)]]{{·}} [[Blood+]]{{·}} [[BoA]]{{·}} [[Cardcaptor Sakura]]{{·}} [[Case Closed]]{{·}} [[Chobits]]{{·}} [[Clannad (visual novel)]]{{·}} [[Clint Eastwood]]{{·}} [[Dance Dance Revolution]]{{·}} [[Death Note]]{{·}} [[Dir en grey]]{{·}} [[Dragon Ball]]{{·}} [[Edward Norton]]{{·}} [[Elfen Lied]]{{·}} [[Eureka Seven]]{{·}} [[Excel Saga]]{{·}} [[FLCL]]{{·}} [[Fate/stay night]]{{·}} [[Felice Beato]]{{·}} [[Fist of the North Star]]{{·}} [[Fruits Basket]]{{·}} [[Full Metal Panic!]]{{·}} [[Fullmetal Alchemist]]{{·}} [[George Takei]]{{·}} [[Godzilla (franchise)]]{{·}} [[Golden Boy (manga)]]{{·}} [[Haruki Murakami]]{{·}} [[Hayao Miyazaki]]{{·}} [[Heian Palace]]{{·}} [[Hentai]]{{·}} [[Hide (musician)]]{{·}} [[Higurashi no Naku Koro ni]]{{·}} [[Hikaru Utada]]{{·}} [[Hikaru no Go]]{{·}} [[Himeji Castle]]{{·}} [[Himura Kenshin]]{{·}} [[Hokusai]]{{·}} [[Howl's Moving Castle (film)]]{{·}} [[Hōryū-ji]]{{·}} [[Ichigo Kurosaki]]

=== InuYasha to Princess Mononoke ===
[[InuYasha]]{{·}} [[J-pop]]{{·}} [[J. G. Ballard]]{{·}} [[JVC]]{{·}} [[Jacques Villeneuve]]{{·}} [[Japanese architecture]]{{·}} [[Kabuki]]{{·}} [[Kanon]]{{·}} [[Katsura Imperial Villa]]{{·}} [[Kenzo Tange]]{{·}} [[Kiki's Delivery Service]]{{·}} [[Kill Bill]]{{·}} [[Kimi ga Yo]]{{·}} [[Kisho Kurokawa]]{{·}} [[Kumi Koda]]{{·}} [[L'Arc-en-Ciel]]{{·}} [[List of Yu-Gi-Oh! GX media]]{{·}} [[Lolicon]]{{·}} [[Lost in Translation (film)]]{{·}} [[Lupin III]]{{·}} [[Manga]]{{·}} [[Mangaka]]{{·}} [[Masi Oka]]{{·}} [[Matsuo Bashō]]{{·}} [[Merzbow]]{{·}} [[Mike Shinoda]]{{·}} [[Mobile Suit Gundam 00]]{{·}} [[Mobile Suit Gundam SEED]]{{·}} [[Mobile Suit Gundam Wing]]{{·}} [[Monkey D. Luffy]]{{·}} [[Monsters, Inc.]]{{·}} [[Morning Musume]]{{·}} [[Music of Japan]]{{·}} [[My Neighbor Totoro]]{{·}} [[Namie Amuro]]{{·}} [[Nana Mouskouri]]{{·}} [[Naruto]]{{·}} [[Negima!: Magister Negi Magi]]{{·}} [[Neon Genesis Evangelion (TV series)]]{{·}} [[Nobuo Uematsu]]{{·}} [[Noise (music)]]{{·}} [[Oh My Goddess!]]{{·}} [[One Piece]]{{·}} [[Osamu Tezuka]]{{·}} [[Otaku]]{{·}} [[Panasonic]]{{·}} [[PlayStation]]{{·}} [[Pokémon (anime)]]{{·}} [[Pornography in Japan]]{{·}} [[Princess Mononoke]]

=== Ran (film) to Ōkami ===
[[Ran (film)]]{{·}} [[Ranma ½]]{{·}} [[Resident Evil (video game)]]{{·}} [[Rukia Kuchiki]]{{·}} [[Rurouni Kenshin]]{{·}} [[Sailor Moon]]{{·}} [[Samurai Champloo]]{{·}} [[Satyajit Ray]]{{·}} [[Sean Lennon]]{{·}} [[Seinen manga]]{{·}} [[Seiyū]]{{·}} [[Seven Samurai]]{{·}} [[Sgt. Frog]]{{·}} [[Shadow of the Colossus]]{{·}} [[Shaman King]]{{·}} [[Shinto shrine]]{{·}} [[Shotacon]]{{·}} [[Shuffle!]]{{·}} [[Shōjo]]{{·}} [[Shōnen]]{{·}} [[Son Goku (Dragon Ball)]]{{·}} [[Sony]]{{·}} [[Spirited Away]]{{·}} [[Steven Seagal]]{{·}} [[Steven Spielberg]]{{·}} [[Strawberry Panic!]]{{·}} [[Studio Ghibli]]{{·}} [[TVXQ]]{{·}} [[Tadao Ando]]{{·}} [[Takashi Miike]]{{·}} [[Takeshi Kitano]]{{·}} [[Tankōbon]]{{·}} [[Tenjho Tenge]]{{·}} [[The Fast and the Furious: Tokyo Drift]]{{·}} [[The Melancholy of Haruhi Suzumiya (anime)]]{{·}} [[The Transformers: The Movie]]{{·}} [[Tokyo Mew Mew]]{{·}} [[Tokyo Tower]]{{·}} [[Tokyopop]]{{·}} [[Toshirō Mifune]]{{·}} [[Toyo Ito]]{{·}} [[Trigun]]{{·}} [[Trinity Blood]]{{·}} [[Tōru Takemitsu]]{{·}} [[Warren Beatty]]{{·}} [[Weekly Shōnen Jump]]{{·}} [[Wolf's Rain]]{{·}} [[X (manga)]]{{·}} [[X Japan]]{{·}} [[XxxHolic]]{{·}} [[Yamaha Corporation]]{{·}} [[Yasukuni Shrine]]{{·}} [[Yoko Ono]]{{·}} [[You Only Live Twice (film)]]{{·}} [[Yu-Gi-Oh!]]{{·}} [[Yu-Gi-Oh! GX]]{{·}} [[Yugi Mutou]]{{·}} [[Yukio Mishima]]{{·}} [[Yuri (term)]]{{·}} [[Ōkami]]